指标,地区,时间,数值
    地区生产总值（当年价）（亿元）,    北京,2022,41610.90000
    地区生产总值（当年价）（亿元）,    北京,2023,43760.70000
    地区生产总值（当年价）（亿元）,    天津,2022,16311.30000
    地区生产总值（当年价）（亿元）,    天津,2023,16737.30000
    地区生产总值（当年价）（亿元）,    河北,2022,42370.40000
    地区生产总值（当年价）（亿元）,    河北,2023,43944.10000
    地区生产总值（当年价）（亿元）,    山西,2022,25642.60000
    地区生产总值（当年价）（亿元）,    山西,2023,25698.20000
    地区生产总值（当年价）（亿元）,    内蒙古,2022,23158.60000
    地区生产总值（当年价）（亿元）,    内蒙古,2023,24627.00000
    地区生产总值（当年价）（亿元）,    辽宁,2022,28975.10000
    地区生产总值（当年价）（亿元）,    辽宁,2023,30209.40000
    地区生产总值（当年价）（亿元）,    吉林,2022,13070.20000
    地区生产总值（当年价）（亿元）,    吉林,2023,13531.20000
    地区生产总值（当年价）（亿元）,    黑龙江,2022,15901.00000
    地区生产总值（当年价）（亿元）,    黑龙江,2023,15883.90000
    地区生产总值（当年价）（亿元）,    上海,2022,44652.80000
    地区生产总值（当年价）（亿元）,    上海,2023,47218.70000
    地区生产总值（当年价）（亿元）,    江苏,2022,122875.60000
    地区生产总值（当年价）（亿元）,    江苏,2023,128222.20000
    地区生产总值（当年价）（亿元）,    浙江,2022,77715.40000
    地区生产总值（当年价）（亿元）,    浙江,2023,82553.20000
    地区生产总值（当年价）（亿元）,    安徽,2022,45045.00000
    地区生产总值（当年价）（亿元）,    安徽,2023,47050.60000
    地区生产总值（当年价）（亿元）,    福建,2022,53109.90000
    地区生产总值（当年价）（亿元）,    福建,2023,54355.10000
    地区生产总值（当年价）（亿元）,    江西,2022,32074.70000
    地区生产总值（当年价）（亿元）,    江西,2023,32200.10000
    地区生产总值（当年价）（亿元）,    山东,2022,87435.10000
    地区生产总值（当年价）（亿元）,    山东,2023,92068.70000
    地区生产总值（当年价）（亿元）,    河南,2022,61345.10000
    地区生产总值（当年价）（亿元）,    河南,2023,59132.40000
    地区生产总值（当年价）（亿元）,    湖北,2022,53734.90000
    地区生产总值（当年价）（亿元）,    湖北,2023,55803.60000
    地区生产总值（当年价）（亿元）,    湖南,2022,48670.40000
    地区生产总值（当年价）（亿元）,    湖南,2023,50012.90000
    地区生产总值（当年价）（亿元）,    广东,2022,129118.60000
    地区生产总值（当年价）（亿元）,    广东,2023,135673.20000
    地区生产总值（当年价）（亿元）,    广西,2022,26300.90000
    地区生产总值（当年价）（亿元）,    广西,2023,27202.40000
    地区生产总值（当年价）（亿元）,    海南,2022,6818.20000
    地区生产总值（当年价）（亿元）,    海南,2023,7551.20000
    地区生产总值（当年价）（亿元）,    重庆,2022,29129.00000
    地区生产总值（当年价）（亿元）,    重庆,2023,30145.80000
    地区生产总值（当年价）（亿元）,    四川,2022,56749.80000
    地区生产总值（当年价）（亿元）,    四川,2023,60132.90000
    地区生产总值（当年价）（亿元）,    贵州,2022,20164.60000
    地区生产总值（当年价）（亿元）,    贵州,2023,20913.30000
    地区生产总值（当年价）（亿元）,    云南,2022,28954.20000
    地区生产总值（当年价）（亿元）,    云南,2023,30021.10000
    地区生产总值（当年价）（亿元）,    西藏,2022,2132.60000
    地区生产总值（当年价）（亿元）,    西藏,2023,2392.70000
    地区生产总值（当年价）（亿元）,    陕西,2022,32772.70000
    地区生产总值（当年价）（亿元）,    陕西,2023,33786.10000
    地区生产总值（当年价）（亿元）,    甘肃,2022,11201.60000
    地区生产总值（当年价）（亿元）,    甘肃,2023,11863.80000
    地区生产总值（当年价）（亿元）,    青海,2022,3610.10000
    地区生产总值（当年价）（亿元）,    青海,2023,3799.10000
    地区生产总值（当年价）（亿元）,    宁夏,2022,5069.60000
    地区生产总值（当年价）（亿元）,    宁夏,2023,5315.00000
    地区生产总值（当年价）（亿元）,    新疆,2022,17741.30000
    地区生产总值（当年价）（亿元）,    新疆,2023,19125.90000
        第一产业增加值（亿元）,    北京,2022,111.50000
        第一产业增加值（亿元）,    北京,2023,105.50000
        第一产业增加值（亿元）,    天津,2022,273.10000
        第一产业增加值（亿元）,    天津,2023,268.50000
        第一产业增加值（亿元）,    河北,2022,4410.30000
        第一产业增加值（亿元）,    河北,2023,4466.20000
        第一产业增加值（亿元）,    山西,2022,1340.40000
        第一产业增加值（亿元）,    山西,2023,1388.90000
        第一产业增加值（亿元）,    内蒙古,2022,2653.70000
        第一产业增加值（亿元）,    内蒙古,2023,2737.30000
        第一产业增加值（亿元）,    辽宁,2022,2597.60000
        第一产业增加值（亿元）,    辽宁,2023,2651.00000
        第一产业增加值（亿元）,    吉林,2022,1689.10000
        第一产业增加值（亿元）,    吉林,2023,1644.80000
        第一产业增加值（亿元）,    黑龙江,2022,3609.80000
        第一产业增加值（亿元）,    黑龙江,2023,3518.30000
        第一产业增加值（亿元）,    上海,2022,97.00000
        第一产业增加值（亿元）,    上海,2023,96.10000
        第一产业增加值（亿元）,    江苏,2022,4959.40000
        第一产业增加值（亿元）,    江苏,2023,5075.80000
        第一产业增加值（亿元）,    浙江,2022,2324.80000
        第一产业增加值（亿元）,    浙江,2023,2332.00000
        第一产业增加值（亿元）,    安徽,2022,3513.70000
        第一产业增加值（亿元）,    安徽,2023,3496.60000
        第一产业增加值（亿元）,    福建,2022,3076.20000
        第一产业增加值（亿元）,    福建,2023,3217.70000
        第一产业增加值（亿元）,    江西,2022,2451.50000
        第一产业增加值（亿元）,    江西,2023,2450.40000
        第一产业增加值（亿元）,    山东,2022,6298.60000
        第一产业增加值（亿元）,    山东,2023,6506.20000
        第一产业增加值（亿元）,    河南,2022,5817.80000
        第一产业增加值（亿元）,    河南,2023,5360.10000
        第一产业增加值（亿元）,    湖北,2022,4986.70000
        第一产业增加值（亿元）,    湖北,2023,5073.40000
        第一产业增加值（亿元）,    湖南,2022,4602.70000
        第一产业增加值（亿元）,    湖南,2023,4621.30000
        第一产业增加值（亿元）,    广东,2022,5340.40000
        第一产业增加值（亿元）,    广东,2023,5540.70000
        第一产业增加值（亿元）,    广西,2022,4269.80000
        第一产业增加值（亿元）,    广西,2023,4468.20000
        第一产业增加值（亿元）,    海南,2022,1417.80000
        第一产业增加值（亿元）,    海南,2023,1507.40000
        第一产业增加值（亿元）,    重庆,2022,2012.10000
        第一产业增加值（亿元）,    重庆,2023,2074.70000
        第一产业增加值（亿元）,    四川,2022,5964.30000
        第一产业增加值（亿元）,    四川,2023,6056.60000
        第一产业增加值（亿元）,    贵州,2022,2861.20000
        第一产业增加值（亿元）,    贵州,2023,2894.30000
        第一产业增加值（亿元）,    云南,2022,4012.20000
        第一产业增加值（亿元）,    云南,2023,4206.60000
        第一产业增加值（亿元）,    西藏,2022,180.20000
        第一产业增加值（亿元）,    西藏,2023,215.00000
        第一产业增加值（亿元）,    陕西,2022,2575.30000
        第一产业增加值（亿元）,    陕西,2023,2649.80000
        第一产业增加值（亿元）,    甘肃,2022,1515.30000
        第一产业增加值（亿元）,    甘肃,2023,1641.30000
        第一产业增加值（亿元）,    青海,2022,380.20000
        第一产业增加值（亿元）,    青海,2023,387.00000
        第一产业增加值（亿元）,    宁夏,2022,407.50000
        第一产业增加值（亿元）,    宁夏,2023,428.10000
        第一产业增加值（亿元）,    新疆,2022,2509.30000
        第一产业增加值（亿元）,    新疆,2023,2742.20000
        第二产业增加值（亿元）,    北京,2022,6605.10000
        第二产业增加值（亿元）,    北京,2023,6525.60000
        第二产业增加值（亿元）,    天津,2022,6038.90000
        第二产业增加值（亿元）,    天津,2023,5982.60000
        第二产业增加值（亿元）,    河北,2022,17050.10000
        第二产业增加值（亿元）,    河北,2023,16435.30000
        第二产业增加值（亿元）,    山西,2022,13840.80000
        第二产业增加值（亿元）,    山西,2023,13329.70000
        第二产业增加值（亿元）,    内蒙古,2022,11241.80000
        第二产业增加值（亿元）,    内蒙古,2023,11703.60000
        第二产业增加值（亿元）,    辽宁,2022,11755.80000
        第二产业增加值（亿元）,    辽宁,2023,11734.50000
        第二产业增加值（亿元）,    吉林,2022,4628.30000
        第二产业增加值（亿元）,    吉林,2023,4585.00000
        第二产业增加值（亿元）,    黑龙江,2022,4648.90000
        第二产业增加值（亿元）,    黑龙江,2023,4291.30000
        第二产业增加值（亿元）,    上海,2022,11458.40000
        第二产业增加值（亿元）,    上海,2023,11613.00000
        第二产业增加值（亿元）,    江苏,2022,55888.70000
        第二产业增加值（亿元）,    江苏,2023,56909.70000
        第二产业增加值（亿元）,    浙江,2022,33205.20000
        第二产业增加值（亿元）,    浙江,2023,33952.70000
        第二产业增加值（亿元）,    安徽,2022,18588.00000
        第二产业增加值（亿元）,    安徽,2023,18871.80000
        第二产业增加值（亿元）,    福建,2022,25078.20000
        第二产业增加值（亿元）,    福建,2023,23966.40000
        第二产业增加值（亿元）,    江西,2022,14359.60000
        第二产业增加值（亿元）,    江西,2023,13706.50000
        第二产业增加值（亿元）,    山东,2022,35014.20000
        第二产业增加值（亿元）,    山东,2023,35987.90000
        第二产业增加值（亿元）,    河南,2022,25465.00000
        第二产业增加值（亿元）,    河南,2023,22175.30000
        第二产业增加值（亿元）,    湖北,2022,21240.60000
        第二产业增加值（亿元）,    湖北,2023,20215.50000
        第二产业增加值（亿元）,    湖南,2022,19182.60000
        第二产业增加值（亿元）,    湖南,2023,18822.80000
        第二产业增加值（亿元）,    广东,2022,52843.50000
        第二产业增加值（亿元）,    广东,2023,54437.30000
        第二产业增加值（亿元）,    广西,2022,8938.60000
        第二产业增加值（亿元）,    广西,2023,8924.10000
        第二产业增加值（亿元）,    海南,2022,1310.90000
        第二产业增加值（亿元）,    海南,2023,1448.50000
        第二产业增加值（亿元）,    重庆,2022,11693.90000
        第二产业增加值（亿元）,    重庆,2023,11699.10000
        第二产业增加值（亿元）,    四川,2022,21157.10000
        第二产业增加值（亿元）,    四川,2023,21306.70000
        第二产业增加值（亿元）,    贵州,2022,7113.00000
        第二产业增加值（亿元）,    贵州,2023,7311.40000
        第二产业增加值（亿元）,    云南,2022,10471.20000
        第二产业增加值（亿元）,    云南,2023,10256.30000
        第二产业增加值（亿元）,    西藏,2022,804.70000
        第二产业增加值（亿元）,    西藏,2023,883.00000
        第二产业增加值（亿元）,    陕西,2022,15933.10000
        第二产业增加值（亿元）,    陕西,2023,16068.90000
        第二产业增加值（亿元）,    甘肃,2022,3945.00000
        第二产业增加值（亿元）,    甘肃,2023,4080.80000
        第二产业增加值（亿元）,    青海,2022,1585.70000
        第二产业增加值（亿元）,    青海,2023,1612.80000
        第二产业增加值（亿元）,    宁夏,2022,2449.10000
        第二产业增加值（亿元）,    宁夏,2023,2487.20000
        第二产业增加值（亿元）,    新疆,2022,7271.10000
        第二产业增加值（亿元）,    新疆,2023,7710.30000
            工业增加值（亿元）,    北京,2022,5036.40000
            工业增加值（亿元）,    北京,2023,5008.50000
            工业增加值（亿元）,    天津,2022,5402.70000
            工业增加值（亿元）,    天津,2023,5359.00000
            工业增加值（亿元）,    河北,2022,14675.30000
            工业增加值（亿元）,    河北,2023,13968.70000
            工业增加值（亿元）,    山西,2022,12758.60000
            工业增加值（亿元）,    山西,2023,12263.30000
            工业增加值（亿元）,    内蒙古,2022,9703.80000
            工业增加值（亿元）,    内蒙古,2023,9889.80000
            工业增加值（亿元）,    辽宁,2022,10239.10000
            工业增加值（亿元）,    辽宁,2023,10220.20000
            工业增加值（亿元）,    吉林,2022,3737.90000
            工业增加值（亿元）,    吉林,2023,3705.00000
            工业增加值（亿元）,    黑龙江,2022,4257.60000
            工业增加值（亿元）,    黑龙江,2023,3963.60000
            工业增加值（亿元）,    上海,2022,10794.50000
            工业增加值（亿元）,    上海,2023,10846.20000
            工业增加值（亿元）,    江苏,2022,48593.60000
            工业增加值（亿元）,    江苏,2023,49244.60000
            工业增加值（亿元）,    浙江,2022,28871.30000
            工业增加值（亿元）,    浙江,2023,29412.10000
            工业增加值（亿元）,    安徽,2022,13792.00000
            工业增加值（亿元）,    安徽,2023,14021.10000
            工业增加值（亿元）,    福建,2022,19628.80000
            工业增加值（亿元）,    福建,2023,18548.30000
            工业增加值（亿元）,    江西,2022,11770.30000
            工业增加值（亿元）,    江西,2023,11180.70000
            工业增加值（亿元）,    山东,2022,28739.00000
            工业增加值（亿元）,    山东,2023,29191.20000
            工业增加值（亿元）,    河南,2022,19592.80000
            工业增加值（亿元）,    河南,2023,16915.00000
            工业增加值（亿元）,    湖北,2022,17546.30000
            工业增加值（亿元）,    湖北,2023,16357.00000
            工业增加值（亿元）,    湖南,2022,15025.30000
            工业增加值（亿元）,    湖南,2023,14567.10000
            工业增加值（亿元）,    广东,2022,47723.00000
            工业增加值（亿元）,    广东,2023,48712.90000
            工业增加值（亿元）,    广西,2022,6775.90000
            工业增加值（亿元）,    广西,2023,6918.30000
            工业增加值（亿元）,    海南,2022,770.10000
            工业增加值（亿元）,    海南,2023,861.40000
            工业增加值（亿元）,    重庆,2022,8276.00000
            工业增加值（亿元）,    重庆,2023,8333.40000
            工业增加值（亿元）,    四川,2022,16412.20000
            工业增加值（亿元）,    四川,2023,16705.20000
            工业增加值（亿元）,    贵州,2022,5493.10000
            工业增加值（亿元）,    贵州,2023,5682.80000
            工业增加值（亿元）,    云南,2022,7197.10000
            工业增加值（亿元）,    云南,2023,7202.80000
            工业增加值（亿元）,    西藏,2022,200.80000
            工业增加值（亿元）,    西藏,2023,252.30000
            工业增加值（亿元）,    陕西,2022,13158.30000
            工业增加值（亿元）,    陕西,2023,13258.70000
            工业增加值（亿元）,    甘肃,2022,3297.20000
            工业增加值（亿元）,    甘肃,2023,3389.60000
            工业增加值（亿元）,    青海,2022,1228.70000
            工业增加值（亿元）,    青海,2023,1272.40000
            工业增加值（亿元）,    宁夏,2022,2094.00000
            工业增加值（亿元）,    宁夏,2023,2130.10000
            工业增加值（亿元）,    新疆,2022,6022.80000
            工业增加值（亿元）,    新疆,2023,6434.70000
            建筑业增加值（亿元）,    北京,2022,1614.20000
            建筑业增加值（亿元）,    北京,2023,1603.40000
            建筑业增加值（亿元）,    天津,2022,724.60000
            建筑业增加值（亿元）,    天津,2023,769.60000
            建筑业增加值（亿元）,    河北,2022,2413.60000
            建筑业增加值（亿元）,    河北,2023,2507.10000
            建筑业增加值（亿元）,    山西,2022,1093.30000
            建筑业增加值（亿元）,    山西,2023,1080.10000
            建筑业增加值（亿元）,    内蒙古,2022,1538.00000
            建筑业增加值（亿元）,    内蒙古,2023,1813.80000
            建筑业增加值（亿元）,    辽宁,2022,1598.70000
            建筑业增加值（亿元）,    辽宁,2023,1648.00000
            建筑业增加值（亿元）,    吉林,2022,927.20000
            建筑业增加值（亿元）,    吉林,2023,913.70000
            建筑业增加值（亿元）,    黑龙江,2022,460.30000
            建筑业增加值（亿元）,    黑龙江,2023,438.00000
            建筑业增加值（亿元）,    上海,2022,743.60000
            建筑业增加值（亿元）,    上海,2023,882.30000
            建筑业增加值（亿元）,    江苏,2022,7377.80000
            建筑业增加值（亿元）,    江苏,2023,7765.70000
            建筑业增加值（亿元）,    浙江,2022,4388.10000
            建筑业增加值（亿元）,    浙江,2023,4623.50000
            建筑业增加值（亿元）,    安徽,2022,4819.40000
            建筑业增加值（亿元）,    安徽,2023,4881.20000
            建筑业增加值（亿元）,    福建,2022,5518.90000
            建筑业增加值（亿元）,    福建,2023,5498.00000
            建筑业增加值（亿元）,    江西,2022,2597.20000
            建筑业增加值（亿元）,    江西,2023,2531.70000
            建筑业增加值（亿元）,    山东,2022,6424.50000
            建筑业增加值（亿元）,    山东,2023,6961.10000
            建筑业增加值（亿元）,    河南,2022,5951.60000
            建筑业增加值（亿元）,    河南,2023,5322.20000
            建筑业增加值（亿元）,    湖北,2022,3741.50000
            建筑业增加值（亿元）,    湖北,2023,3916.10000
            建筑业增加值（亿元）,    湖南,2022,4174.90000
            建筑业增加值（亿元）,    湖南,2023,4277.10000
            建筑业增加值（亿元）,    广东,2022,5247.60000
            建筑业增加值（亿元）,    广东,2023,5892.50000
            建筑业增加值（亿元）,    广西,2022,2180.40000
            建筑业增加值（亿元）,    广西,2023,2028.40000
            建筑业增加值（亿元）,    海南,2022,545.60000
            建筑业增加值（亿元）,    海南,2023,592.70000
            建筑业增加值（亿元）,    重庆,2022,3417.90000
            建筑业增加值（亿元）,    重庆,2023,3365.80000
            建筑业增加值（亿元）,    四川,2022,4888.60000
            建筑业增加值（亿元）,    四川,2023,4846.50000
            建筑业增加值（亿元）,    贵州,2022,1626.20000
            建筑业增加值（亿元）,    贵州,2023,1636.60000
            建筑业增加值（亿元）,    云南,2022,3282.40000
            建筑业增加值（亿元）,    云南,2023,3064.60000
            建筑业增加值（亿元）,    西藏,2022,603.90000
            建筑业增加值（亿元）,    西藏,2023,630.60000
            建筑业增加值（亿元）,    陕西,2022,2893.00000
            建筑业增加值（亿元）,    陕西,2023,2955.00000
            建筑业增加值（亿元）,    甘肃,2022,657.60000
            建筑业增加值（亿元）,    甘肃,2023,707.70000
            建筑业增加值（亿元）,    青海,2022,357.00000
            建筑业增加值（亿元）,    青海,2023,340.40000
            建筑业增加值（亿元）,    宁夏,2022,357.20000
            建筑业增加值（亿元）,    宁夏,2023,359.90000
            建筑业增加值（亿元）,    新疆,2022,1355.70000
            建筑业增加值（亿元）,    新疆,2023,1428.00000
        第三产业增加值（亿元）,    北京,2022,34894.30000
        第三产业增加值（亿元）,    北京,2023,37129.60000
        第三产业增加值（亿元）,    天津,2022,9999.30000
        第三产业增加值（亿元）,    天津,2023,10486.20000
        第三产业增加值（亿元）,    河北,2022,20910.00000
        第三产业增加值（亿元）,    河北,2023,23042.60000
        第三产业增加值（亿元）,    山西,2022,10461.30000
        第三产业增加值（亿元）,    山西,2023,10979.60000
        第三产业增加值（亿元）,    内蒙古,2022,9263.10000
        第三产业增加值（亿元）,    内蒙古,2023,10186.10000
        第三产业增加值（亿元）,    辽宁,2022,14621.70000
        第三产业增加值（亿元）,    辽宁,2023,15823.90000
        第三产业增加值（亿元）,    吉林,2022,6752.80000
        第三产业增加值（亿元）,    吉林,2023,7301.40000
        第三产业增加值（亿元）,    黑龙江,2022,7642.20000
        第三产业增加值（亿元）,    黑龙江,2023,8074.30000
        第三产业增加值（亿元）,    上海,2022,33097.40000
        第三产业增加值（亿元）,    上海,2023,35509.60000
        第三产业增加值（亿元）,    江苏,2022,62027.50000
        第三产业增加值（亿元）,    江苏,2023,66236.70000
        第三产业增加值（亿元）,    浙江,2022,42185.40000
        第三产业增加值（亿元）,    浙江,2023,46268.60000
        第三产业增加值（亿元）,    安徽,2022,22943.30000
        第三产业增加值（亿元）,    安徽,2023,24682.20000
        第三产业增加值（亿元）,    福建,2022,24955.50000
        第三产业增加值（亿元）,    福建,2023,27171.00000
        第三产业增加值（亿元）,    江西,2022,15263.70000
        第三产业增加值（亿元）,    江西,2023,16043.20000
        第三产业增加值（亿元）,    山东,2022,46122.30000
        第三产业增加值（亿元）,    山东,2023,49574.60000
        第三产业增加值（亿元）,    河南,2022,30062.20000
        第三产业增加值（亿元）,    河南,2023,31597.00000
        第三产业增加值（亿元）,    湖北,2022,27507.60000
        第三产业增加值（亿元）,    湖北,2023,30514.70000
        第三产业增加值（亿元）,    湖南,2022,24885.10000
        第三产业增加值（亿元）,    湖南,2023,26568.80000
        第三产业增加值（亿元）,    广东,2022,70934.70000
        第三产业增加值（亿元）,    广东,2023,75695.20000
        第三产业增加值（亿元）,    广西,2022,13092.50000
        第三产业增加值（亿元）,    广西,2023,13810.10000
        第三产业增加值（亿元）,    海南,2022,4089.50000
        第三产业增加值（亿元）,    海南,2023,4595.30000
        第三产业增加值（亿元）,    重庆,2022,15423.10000
        第三产业增加值（亿元）,    重庆,2023,16372.00000
        第三产业增加值（亿元）,    四川,2022,29628.40000
        第三产业增加值（亿元）,    四川,2023,32769.50000
        第三产业增加值（亿元）,    贵州,2022,10190.40000
        第三产业增加值（亿元）,    贵州,2023,10707.50000
        第三产业增加值（亿元）,    云南,2022,14470.80000
        第三产业增加值（亿元）,    云南,2023,15558.20000
        第三产业增加值（亿元）,    西藏,2022,1147.80000
        第三产业增加值（亿元）,    西藏,2023,1294.70000
        第三产业增加值（亿元）,    陕西,2022,14264.20000
        第三产业增加值（亿元）,    陕西,2023,15067.40000
        第三产业增加值（亿元）,    甘肃,2022,5741.20000
        第三产业增加值（亿元）,    甘肃,2023,6141.80000
        第三产业增加值（亿元）,    青海,2022,1644.20000
        第三产业增加值（亿元）,    青海,2023,1799.20000
        第三产业增加值（亿元）,    宁夏,2022,2213.00000
        第三产业增加值（亿元）,    宁夏,2023,2399.60000
        第三产业增加值（亿元）,    新疆,2022,7961.00000
        第三产业增加值（亿元）,    新疆,2023,8673.40000
            交通运输、仓储和邮政业增加值（亿元）,    北京,2022,879.20000
            交通运输、仓储和邮政业增加值（亿元）,    北京,2023,1065.30000
            交通运输、仓储和邮政业增加值（亿元）,    天津,2022,1061.10000
            交通运输、仓储和邮政业增加值（亿元）,    天津,2023,1157.30000
            交通运输、仓储和邮政业增加值（亿元）,    河北,2022,3013.30000
            交通运输、仓储和邮政业增加值（亿元）,    河北,2023,3420.90000
            交通运输、仓储和邮政业增加值（亿元）,    山西,2022,1198.50000
            交通运输、仓储和邮政业增加值（亿元）,    山西,2023,1335.90000
            交通运输、仓储和邮政业增加值（亿元）,    内蒙古,2022,1317.90000
            交通运输、仓储和邮政业增加值（亿元）,    内蒙古,2023,1512.50000
            交通运输、仓储和邮政业增加值（亿元）,    辽宁,2022,1367.60000
            交通运输、仓储和邮政业增加值（亿元）,    辽宁,2023,1566.20000
            交通运输、仓储和邮政业增加值（亿元）,    吉林,2022,592.10000
            交通运输、仓储和邮政业增加值（亿元）,    吉林,2023,679.20000
            交通运输、仓储和邮政业增加值（亿元）,    黑龙江,2022,553.10000
            交通运输、仓储和邮政业增加值（亿元）,    黑龙江,2023,648.00000
            交通运输、仓储和邮政业增加值（亿元）,    上海,2022,1914.50000
            交通运输、仓储和邮政业增加值（亿元）,    上海,2023,2331.50000
            交通运输、仓储和邮政业增加值（亿元）,    江苏,2022,3655.60000
            交通运输、仓储和邮政业增加值（亿元）,    江苏,2023,4224.50000
            交通运输、仓储和邮政业增加值（亿元）,    浙江,2022,2375.50000
            交通运输、仓储和邮政业增加值（亿元）,    浙江,2023,2808.50000
            交通运输、仓储和邮政业增加值（亿元）,    安徽,2022,2171.70000
            交通运输、仓储和邮政业增加值（亿元）,    安徽,2023,2469.20000
            交通运输、仓储和邮政业增加值（亿元）,    福建,2022,1960.00000
            交通运输、仓储和邮政业增加值（亿元）,    福建,2023,2238.40000
            交通运输、仓储和邮政业增加值（亿元）,    江西,2022,1341.70000
            交通运输、仓储和邮政业增加值（亿元）,    江西,2023,1495.10000
            交通运输、仓储和邮政业增加值（亿元）,    山东,2022,4911.00000
            交通运输、仓储和邮政业增加值（亿元）,    山东,2023,5190.20000
            交通运输、仓储和邮政业增加值（亿元）,    河南,2022,3721.10000
            交通运输、仓储和邮政业增加值（亿元）,    河南,2023,4246.80000
            交通运输、仓储和邮政业增加值（亿元）,    湖北,2022,2313.90000
            交通运输、仓储和邮政业增加值（亿元）,    湖北,2023,2950.80000
            交通运输、仓储和邮政业增加值（亿元）,    湖南,2022,1696.90000
            交通运输、仓储和邮政业增加值（亿元）,    湖南,2023,1984.30000
            交通运输、仓储和邮政业增加值（亿元）,    广东,2022,4040.90000
            交通运输、仓储和邮政业增加值（亿元）,    广东,2023,4847.70000
            交通运输、仓储和邮政业增加值（亿元）,    广西,2022,1098.30000
            交通运输、仓储和邮政业增加值（亿元）,    广西,2023,1260.10000
            交通运输、仓储和邮政业增加值（亿元）,    海南,2022,371.90000
            交通运输、仓储和邮政业增加值（亿元）,    海南,2023,502.20000
            交通运输、仓储和邮政业增加值（亿元）,    重庆,2022,1084.00000
            交通运输、仓储和邮政业增加值（亿元）,    重庆,2023,1191.10000
            交通运输、仓储和邮政业增加值（亿元）,    四川,2022,1587.50000
            交通运输、仓储和邮政业增加值（亿元）,    四川,2023,2004.60000
            交通运输、仓储和邮政业增加值（亿元）,    贵州,2022,838.20000
            交通运输、仓储和邮政业增加值（亿元）,    贵州,2023,927.30000
            交通运输、仓储和邮政业增加值（亿元）,    云南,2022,1335.40000
            交通运输、仓储和邮政业增加值（亿元）,    云南,2023,1686.20000
            交通运输、仓储和邮政业增加值（亿元）,    西藏,2022,42.50000
            交通运输、仓储和邮政业增加值（亿元）,    西藏,2023,53.30000
            交通运输、仓储和邮政业增加值（亿元）,    陕西,2022,1293.80000
            交通运输、仓储和邮政业增加值（亿元）,    陕西,2023,1416.90000
            交通运输、仓储和邮政业增加值（亿元）,    甘肃,2022,555.60000
            交通运输、仓储和邮政业增加值（亿元）,    甘肃,2023,691.40000
            交通运输、仓储和邮政业增加值（亿元）,    青海,2022,155.20000
            交通运输、仓储和邮政业增加值（亿元）,    青海,2023,208.30000
            交通运输、仓储和邮政业增加值（亿元）,    宁夏,2022,213.50000
            交通运输、仓储和邮政业增加值（亿元）,    宁夏,2023,251.70000
            交通运输、仓储和邮政业增加值（亿元）,    新疆,2022,845.30000
            交通运输、仓储和邮政业增加值（亿元）,    新疆,2023,1039.70000
            批发和零售业增加值（亿元）,    北京,2022,3110.30000
            批发和零售业增加值（亿元）,    北京,2023,3073.10000
            批发和零售业增加值（亿元）,    天津,2022,1401.70000
            批发和零售业增加值（亿元）,    天津,2023,1412.20000
            批发和零售业增加值（亿元）,    河北,2022,3429.10000
            批发和零售业增加值（亿元）,    河北,2023,3742.30000
            批发和零售业增加值（亿元）,    山西,2022,1666.70000
            批发和零售业增加值（亿元）,    山西,2023,1663.30000
            批发和零售业增加值（亿元）,    内蒙古,2022,1585.30000
            批发和零售业增加值（亿元）,    内蒙古,2023,1647.60000
            批发和零售业增加值（亿元）,    辽宁,2022,2229.10000
            批发和零售业增加值（亿元）,    辽宁,2023,2378.80000
            批发和零售业增加值（亿元）,    吉林,2022,785.50000
            批发和零售业增加值（亿元）,    吉林,2023,869.10000
            批发和零售业增加值（亿元）,    黑龙江,2022,1294.30000
            批发和零售业增加值（亿元）,    黑龙江,2023,1362.20000
            批发和零售业增加值（亿元）,    上海,2022,5068.50000
            批发和零售业增加值（亿元）,    上海,2023,5094.50000
            批发和零售业增加值（亿元）,    江苏,2022,13350.70000
            批发和零售业增加值（亿元）,    江苏,2023,14225.60000
            批发和零售业增加值（亿元）,    浙江,2022,9404.20000
            批发和零售业增加值（亿元）,    浙江,2023,10296.30000
            批发和零售业增加值（亿元）,    安徽,2022,4240.80000
            批发和零售业增加值（亿元）,    安徽,2023,4750.50000
            批发和零售业增加值（亿元）,    福建,2022,6230.40000
            批发和零售业增加值（亿元）,    福建,2023,6825.80000
            批发和零售业增加值（亿元）,    江西,2022,2844.50000
            批发和零售业增加值（亿元）,    江西,2023,3080.90000
            批发和零售业增加值（亿元）,    山东,2022,11819.10000
            批发和零售业增加值（亿元）,    山东,2023,12868.30000
            批发和零售业增加值（亿元）,    河南,2022,4496.50000
            批发和零售业增加值（亿元）,    河南,2023,4745.60000
            批发和零售业增加值（亿元）,    湖北,2022,3593.40000
            批发和零售业增加值（亿元）,    湖北,2023,4025.90000
            批发和零售业增加值（亿元）,    湖南,2022,4787.10000
            批发和零售业增加值（亿元）,    湖南,2023,5126.60000
            批发和零售业增加值（亿元）,    广东,2022,12319.70000
            批发和零售业增加值（亿元）,    广东,2023,13174.50000
            批发和零售业增加值（亿元）,    广西,2022,2156.30000
            批发和零售业增加值（亿元）,    广西,2023,2316.90000
            批发和零售业增加值（亿元）,    海南,2022,958.80000
            批发和零售业增加值（亿元）,    海南,2023,1070.30000
            批发和零售业增加值（亿元）,    重庆,2022,2816.70000
            批发和零售业增加值（亿元）,    重庆,2023,3073.80000
            批发和零售业增加值（亿元）,    四川,2022,5132.10000
            批发和零售业增加值（亿元）,    四川,2023,5684.00000
            批发和零售业增加值（亿元）,    贵州,2022,1582.20000
            批发和零售业增加值（亿元）,    贵州,2023,1690.00000
            批发和零售业增加值（亿元）,    云南,2022,2990.70000
            批发和零售业增加值（亿元）,    云南,2023,3248.50000
            批发和零售业增加值（亿元）,    西藏,2022,101.60000
            批发和零售业增加值（亿元）,    西藏,2023,118.80000
            批发和零售业增加值（亿元）,    陕西,2022,2103.30000
            批发和零售业增加值（亿元）,    陕西,2023,2190.50000
            批发和零售业增加值（亿元）,    甘肃,2022,795.60000
            批发和零售业增加值（亿元）,    甘肃,2023,848.10000
            批发和零售业增加值（亿元）,    青海,2022,171.10000
            批发和零售业增加值（亿元）,    青海,2023,167.70000
            批发和零售业增加值（亿元）,    宁夏,2022,218.80000
            批发和零售业增加值（亿元）,    宁夏,2023,228.90000
            批发和零售业增加值（亿元）,    新疆,2022,784.40000
            批发和零售业增加值（亿元）,    新疆,2023,875.10000
            住宿和餐饮业增加值（亿元）,    北京,2022,372.60000
            住宿和餐饮业增加值（亿元）,    北京,2023,453.10000
            住宿和餐饮业增加值（亿元）,    天津,2022,126.20000
            住宿和餐饮业增加值（亿元）,    天津,2023,154.80000
            住宿和餐饮业增加值（亿元）,    河北,2022,358.30000
            住宿和餐饮业增加值（亿元）,    河北,2023,415.10000
            住宿和餐饮业增加值（亿元）,    山西,2022,213.80000
            住宿和餐饮业增加值（亿元）,    山西,2023,252.00000
            住宿和餐饮业增加值（亿元）,    内蒙古,2022,291.60000
            住宿和餐饮业增加值（亿元）,    内蒙古,2023,368.20000
            住宿和餐饮业增加值（亿元）,    辽宁,2022,302.90000
            住宿和餐饮业增加值（亿元）,    辽宁,2023,364.50000
            住宿和餐饮业增加值（亿元）,    吉林,2022,163.30000
            住宿和餐饮业增加值（亿元）,    吉林,2023,191.70000
            住宿和餐饮业增加值（亿元）,    黑龙江,2022,210.10000
            住宿和餐饮业增加值（亿元）,    黑龙江,2023,248.10000
            住宿和餐饮业增加值（亿元）,    上海,2022,330.50000
            住宿和餐饮业增加值（亿元）,    上海,2023,408.70000
            住宿和餐饮业增加值（亿元）,    江苏,2022,1550.70000
            住宿和餐饮业增加值（亿元）,    江苏,2023,1793.10000
            住宿和餐饮业增加值（亿元）,    浙江,2022,1223.60000
            住宿和餐饮业增加值（亿元）,    浙江,2023,1515.00000
            住宿和餐饮业增加值（亿元）,    安徽,2022,825.90000
            住宿和餐饮业增加值（亿元）,    安徽,2023,976.50000
            住宿和餐饮业增加值（亿元）,    福建,2022,734.40000
            住宿和餐饮业增加值（亿元）,    福建,2023,851.60000
            住宿和餐饮业增加值（亿元）,    江西,2022,555.50000
            住宿和餐饮业增加值（亿元）,    江西,2023,651.20000
            住宿和餐饮业增加值（亿元）,    山东,2022,1276.20000
            住宿和餐饮业增加值（亿元）,    山东,2023,1518.20000
            住宿和餐饮业增加值（亿元）,    河南,2022,1066.50000
            住宿和餐饮业增加值（亿元）,    河南,2023,1091.40000
            住宿和餐饮业增加值（亿元）,    湖北,2022,1186.50000
            住宿和餐饮业增加值（亿元）,    湖北,2023,1356.60000
            住宿和餐饮业增加值（亿元）,    湖南,2022,951.50000
            住宿和餐饮业增加值（亿元）,    湖南,2023,1098.00000
            住宿和餐饮业增加值（亿元）,    广东,2022,1765.20000
            住宿和餐饮业增加值（亿元）,    广东,2023,2073.80000
            住宿和餐饮业增加值（亿元）,    广西,2022,385.90000
            住宿和餐饮业增加值（亿元）,    广西,2023,453.50000
            住宿和餐饮业增加值（亿元）,    海南,2022,231.80000
            住宿和餐饮业增加值（亿元）,    海南,2023,266.00000
            住宿和餐饮业增加值（亿元）,    重庆,2022,567.70000
            住宿和餐饮业增加值（亿元）,    重庆,2023,635.10000
            住宿和餐饮业增加值（亿元）,    四川,2022,1180.10000
            住宿和餐饮业增加值（亿元）,    四川,2023,1344.30000
            住宿和餐饮业增加值（亿元）,    贵州,2022,449.40000
            住宿和餐饮业增加值（亿元）,    贵州,2023,498.40000
            住宿和餐饮业增加值（亿元）,    云南,2022,653.10000
            住宿和餐饮业增加值（亿元）,    云南,2023,827.10000
            住宿和餐饮业增加值（亿元）,    西藏,2022,26.10000
            住宿和餐饮业增加值（亿元）,    西藏,2023,32.20000
            住宿和餐饮业增加值（亿元）,    陕西,2022,400.80000
            住宿和餐饮业增加值（亿元）,    陕西,2023,468.00000
            住宿和餐饮业增加值（亿元）,    甘肃,2022,155.00000
            住宿和餐饮业增加值（亿元）,    甘肃,2023,190.60000
            住宿和餐饮业增加值（亿元）,    青海,2022,34.60000
            住宿和餐饮业增加值（亿元）,    青海,2023,42.60000
            住宿和餐饮业增加值（亿元）,    宁夏,2022,54.10000
            住宿和餐饮业增加值（亿元）,    宁夏,2023,61.70000
            住宿和餐饮业增加值（亿元）,    新疆,2022,135.90000
            住宿和餐饮业增加值（亿元）,    新疆,2023,171.10000
            金融业增加值（亿元）,    北京,2022,8196.70000
            金融业增加值（亿元）,    北京,2023,8663.10000
            金融业增加值（亿元）,    天津,2022,2197.30000
            金融业增加值（亿元）,    天津,2023,2249.80000
            金融业增加值（亿元）,    河北,2022,2931.80000
            金融业增加值（亿元）,    河北,2023,3015.80000
            金融业增加值（亿元）,    山西,2022,1359.00000
            金融业增加值（亿元）,    山西,2023,1390.20000
            金融业增加值（亿元）,    内蒙古,2022,981.70000
            金融业增加值（亿元）,    内蒙古,2023,1081.00000
            金融业增加值（亿元）,    辽宁,2022,2138.30000
            金融业增加值（亿元）,    辽宁,2023,2174.70000
            金融业增加值（亿元）,    吉林,2022,1000.40000
            金融业增加值（亿元）,    吉林,2023,1077.40000
            金融业增加值（亿元）,    黑龙江,2022,1127.20000
            金融业增加值（亿元）,    黑龙江,2023,1146.00000
            金融业增加值（亿元）,    上海,2022,8626.30000
            金融业增加值（亿元）,    上海,2023,8646.90000
            金融业增加值（亿元）,    江苏,2022,9689.90000
            金融业增加值（亿元）,    江苏,2023,10230.80000
            金融业增加值（亿元）,    浙江,2022,6690.00000
            金融业增加值（亿元）,    浙江,2023,7293.90000
            金融业增加值（亿元）,    安徽,2022,2935.10000
            金融业增加值（亿元）,    安徽,2023,3035.60000
            金融业增加值（亿元）,    福建,2022,3889.80000
            金融业增加值（亿元）,    福建,2023,4355.90000
            金融业增加值（亿元）,    江西,2022,2140.50000
            金融业增加值（亿元）,    江西,2023,2170.20000
            金融业增加值（亿元）,    山东,2022,5203.10000
            金融业增加值（亿元）,    山东,2023,5500.70000
            金融业增加值（亿元）,    河南,2022,3301.30000
            金融业增加值（亿元）,    河南,2023,3252.90000
            金融业增加值（亿元）,    湖北,2022,3639.70000
            金融业增加值（亿元）,    湖北,2023,3645.20000
            金融业增加值（亿元）,    湖南,2022,2421.50000
            金融业增加值（亿元）,    湖南,2023,2598.20000
            金融业增加值（亿元）,    广东,2022,11825.80000
            金融业增加值（亿元）,    广东,2023,12418.80000
            金融业增加值（亿元）,    广西,2022,1834.70000
            金融业增加值（亿元）,    广西,2023,1940.60000
            金融业增加值（亿元）,    海南,2022,438.70000
            金融业增加值（亿元）,    海南,2023,453.30000
            金融业增加值（亿元）,    重庆,2022,2491.00000
            金融业增加值（亿元）,    重庆,2023,2590.90000
            金融业增加值（亿元）,    四川,2022,3840.10000
            金融业增加值（亿元）,    四川,2023,3997.40000
            金融业增加值（亿元）,    贵州,2022,1193.50000
            金融业增加值（亿元）,    贵州,2023,1226.90000
            金融业增加值（亿元）,    云南,2022,1594.60000
            金融业增加值（亿元）,    云南,2023,1602.60000
            金融业增加值（亿元）,    西藏,2022,215.40000
            金融业增加值（亿元）,    西藏,2023,233.60000
            金融业增加值（亿元）,    陕西,2022,2109.70000
            金融业增加值（亿元）,    陕西,2023,2212.70000
            金融业增加值（亿元）,    甘肃,2022,925.10000
            金融业增加值（亿元）,    甘肃,2023,955.90000
            金融业增加值（亿元）,    青海,2022,286.20000
            金融业增加值（亿元）,    青海,2023,280.20000
            金融业增加值（亿元）,    宁夏,2022,352.20000
            金融业增加值（亿元）,    宁夏,2023,385.40000
            金融业增加值（亿元）,    新疆,2022,1216.90000
            金融业增加值（亿元）,    新疆,2023,1249.40000
            房地产业增加值（亿元）,    北京,2022,2594.50000
            房地产业增加值（亿元）,    北京,2023,2612.00000
            房地产业增加值（亿元）,    天津,2022,1020.80000
            房地产业增加值（亿元）,    天津,2023,1057.60000
            房地产业增加值（亿元）,    河北,2022,2403.10000
            房地产业增加值（亿元）,    河北,2023,2343.00000
            房地产业增加值（亿元）,    山西,2022,1165.50000
            房地产业增加值（亿元）,    山西,2023,1163.80000
            房地产业增加值（亿元）,    内蒙古,2022,830.30000
            房地产业增加值（亿元）,    内蒙古,2023,884.70000
            房地产业增加值（亿元）,    辽宁,2022,1501.10000
            房地产业增加值（亿元）,    辽宁,2023,1571.40000
            房地产业增加值（亿元）,    吉林,2022,706.70000
            房地产业增加值（亿元）,    吉林,2023,700.10000
            房地产业增加值（亿元）,    黑龙江,2022,695.10000
            房地产业增加值（亿元）,    黑龙江,2023,684.30000
            房地产业增加值（亿元）,    上海,2022,3619.20000
            房地产业增加值（亿元）,    上海,2023,3555.20000
            房地产业增加值（亿元）,    江苏,2022,7932.60000
            房地产业增加值（亿元）,    江苏,2023,7783.70000
            房地产业增加值（亿元）,    浙江,2022,5019.70000
            房地产业增加值（亿元）,    浙江,2023,5192.40000
            房地产业增加值（亿元）,    安徽,2022,2937.10000
            房地产业增加值（亿元）,    安徽,2023,2839.50000
            房地产业增加值（亿元）,    福建,2022,2674.90000
            房地产业增加值（亿元）,    福建,2023,2552.40000
            房地产业增加值（亿元）,    江西,2022,2117.40000
            房地产业增加值（亿元）,    江西,2023,1955.40000
            房地产业增加值（亿元）,    山东,2022,4406.70000
            房地产业增加值（亿元）,    山东,2023,4581.50000
            房地产业增加值（亿元）,    河南,2022,3631.00000
            房地产业增加值（亿元）,    河南,2023,3631.60000
            房地产业增加值（亿元）,    湖北,2022,3909.40000
            房地产业增加值（亿元）,    湖北,2023,3687.30000
            房地产业增加值（亿元）,    湖南,2022,2822.00000
            房地产业增加值（亿元）,    湖南,2023,2876.90000
            房地产业增加值（亿元）,    广东,2022,10450.60000
            房地产业增加值（亿元）,    广东,2023,10545.70000
            房地产业增加值（亿元）,    广西,2022,1899.30000
            房地产业增加值（亿元）,    广西,2023,1874.30000
            房地产业增加值（亿元）,    海南,2022,571.00000
            房地产业增加值（亿元）,    海南,2023,670.70000
            房地产业增加值（亿元）,    重庆,2022,1668.60000
            房地产业增加值（亿元）,    重庆,2023,1605.50000
            房地产业增加值（亿元）,    四川,2022,3446.00000
            房地产业增加值（亿元）,    四川,2023,3644.20000
            房地产业增加值（亿元）,    贵州,2022,863.10000
            房地产业增加值（亿元）,    贵州,2023,877.10000
            房地产业增加值（亿元）,    云南,2022,1633.60000
            房地产业增加值（亿元）,    云南,2023,1570.80000
            房地产业增加值（亿元）,    西藏,2022,92.90000
            房地产业增加值（亿元）,    西藏,2023,103.10000
            房地产业增加值（亿元）,    陕西,2022,1617.90000
            房地产业增加值（亿元）,    陕西,2023,1642.60000
            房地产业增加值（亿元）,    甘肃,2022,573.20000
            房地产业增加值（亿元）,    甘肃,2023,568.70000
            房地产业增加值（亿元）,    青海,2022,144.90000
            房地产业增加值（亿元）,    青海,2023,156.20000
            房地产业增加值（亿元）,    宁夏,2022,185.10000
            房地产业增加值（亿元）,    宁夏,2023,198.70000
            房地产业增加值（亿元）,    新疆,2022,575.50000
            房地产业增加值（亿元）,    新疆,2023,613.00000
            其他第三产业增加值（亿元）,    北京,2022,19693.90000
            其他第三产业增加值（亿元）,    北京,2023,21175.30000
            其他第三产业增加值（亿元）,    天津,2022,4093.40000
            其他第三产业增加值（亿元）,    天津,2023,4297.60000
            其他第三产业增加值（亿元）,    河北,2022,8448.60000
            其他第三产业增加值（亿元）,    河北,2023,9747.50000
            其他第三产业增加值（亿元）,    山西,2022,4771.70000
            其他第三产业增加值（亿元）,    山西,2023,5080.90000
            其他第三产业增加值（亿元）,    内蒙古,2022,4200.00000
            其他第三产业增加值（亿元）,    内蒙古,2023,4624.50000
            其他第三产业增加值（亿元）,    辽宁,2022,6912.60000
            其他第三产业增加值（亿元）,    辽宁,2023,7542.10000
            其他第三产业增加值（亿元）,    吉林,2022,3414.90000
            其他第三产业增加值（亿元）,    吉林,2023,3694.40000
            其他第三产业增加值（亿元）,    黑龙江,2022,3592.30000
            其他第三产业增加值（亿元）,    黑龙江,2023,3766.90000
            其他第三产业增加值（亿元）,    上海,2022,13450.80000
            其他第三产业增加值（亿元）,    上海,2023,15350.80000
            其他第三产业增加值（亿元）,    江苏,2022,25355.30000
            其他第三产业增加值（亿元）,    江苏,2023,27424.30000
            其他第三产业增加值（亿元）,    浙江,2022,17346.00000
            其他第三产业增加值（亿元）,    浙江,2023,19007.40000
            其他第三产业增加值（亿元）,    安徽,2022,9600.80000
            其他第三产业增加值（亿元）,    安徽,2023,10349.80000
            其他第三产业增加值（亿元）,    福建,2022,9280.80000
            其他第三产业增加值（亿元）,    福建,2023,10144.50000
            其他第三产业增加值（亿元）,    江西,2022,6129.90000
            其他第三产业增加值（亿元）,    江西,2023,6542.90000
            其他第三产业增加值（亿元）,    山东,2022,17886.60000
            其他第三产业增加值（亿元）,    山东,2023,19230.80000
            其他第三产业增加值（亿元）,    河南,2022,13414.50000
            其他第三产业增加值（亿元）,    河南,2023,14101.70000
            其他第三产业增加值（亿元）,    湖北,2022,12482.30000
            其他第三产业增加值（亿元）,    湖北,2023,14416.80000
            其他第三产业增加值（亿元）,    湖南,2022,11917.90000
            其他第三产业增加值（亿元）,    湖南,2023,12564.30000
            其他第三产业增加值（亿元）,    广东,2022,30214.30000
            其他第三产业增加值（亿元）,    广东,2023,32253.50000
            其他第三产业增加值（亿元）,    广西,2022,5566.10000
            其他第三产业增加值（亿元）,    广西,2023,5797.10000
            其他第三产业增加值（亿元）,    海南,2022,1458.90000
            其他第三产业增加值（亿元）,    海南,2023,1566.20000
            其他第三产业增加值（亿元）,    重庆,2022,6748.50000
            其他第三产业增加值（亿元）,    重庆,2023,7224.00000
            其他第三产业增加值（亿元）,    四川,2022,14130.10000
            其他第三产业增加值（亿元）,    四川,2023,15670.50000
            其他第三产业增加值（亿元）,    贵州,2022,5098.40000
            其他第三产业增加值（亿元）,    贵州,2023,5318.20000
            其他第三产业增加值（亿元）,    云南,2022,6177.10000
            其他第三产业增加值（亿元）,    云南,2023,6529.30000
            其他第三产业增加值（亿元）,    西藏,2022,664.50000
            其他第三产业增加值（亿元）,    西藏,2023,748.50000
            其他第三产业增加值（亿元）,    陕西,2022,6485.20000
            其他第三产业增加值（亿元）,    陕西,2023,6845.20000
            其他第三产业增加值（亿元）,    甘肃,2022,2681.00000
            其他第三产业增加值（亿元）,    甘肃,2023,2821.10000
            其他第三产业增加值（亿元）,    青海,2022,847.30000
            其他第三产业增加值（亿元）,    青海,2023,939.40000
            其他第三产业增加值（亿元）,    宁夏,2022,1166.20000
            其他第三产业增加值（亿元）,    宁夏,2023,1247.90000
            其他第三产业增加值（亿元）,    新疆,2022,4150.20000
            其他第三产业增加值（亿元）,    新疆,2023,4409.50000
    人均地区生产总值（元）,    北京,2022,190313.00000
    人均地区生产总值（元）,    北京,2023,200278.00000
    人均地区生产总值（元）,    天津,2022,119235.00000
    人均地区生产总值（元）,    天津,2023,122752.00000
    人均地区生产总值（元）,    河北,2022,56995.00000
    人均地区生产总值（元）,    河北,2023,59332.00000
    人均地区生产总值（元）,    山西,2022,73675.00000
    人均地区生产总值（元）,    山西,2023,73984.00000
    人均地区生产总值（元）,    内蒙古,2022,96474.00000
    人均地区生产总值（元）,    内蒙古,2023,102677.00000
    人均地区生产总值（元）,    辽宁,2022,68775.00000
    人均地区生产总值（元）,    辽宁,2023,72107.00000
    人均地区生产总值（元）,    吉林,2022,55347.00000
    人均地区生产总值（元）,    吉林,2023,57739.00000
    人均地区生产总值（元）,    黑龙江,2022,51096.00000
    人均地区生产总值（元）,    黑龙江,2023,51563.00000
    人均地区生产总值（元）,    上海,2022,179907.00000
    人均地区生产总值（元）,    上海,2023,190321.00000
    人均地区生产总值（元）,    江苏,2022,144390.00000
    人均地区生产总值（元）,    江苏,2023,150487.00000
    人均地区生产总值（元）,    浙江,2022,118496.00000
    人均地区生产总值（元）,    浙江,2023,125043.00000
    人均地区生产总值（元）,    安徽,2022,73603.00000
    人均地区生产总值（元）,    安徽,2023,76830.00000
    人均地区生产总值（元）,    福建,2022,126829.00000
    人均地区生产总值（元）,    福建,2023,129865.00000
    人均地区生产总值（元）,    江西,2022,70923.00000
    人均地区生产总值（元）,    江西,2023,71216.00000
    人均地区生产总值（元）,    山东,2022,86003.00000
    人均地区生产总值（元）,    山东,2023,90771.00000
    人均地区生产总值（元）,    河南,2022,62106.00000
    人均地区生产总值（元）,    河南,2023,60073.00000
    人均地区生产总值（元）,    湖北,2022,92059.00000
    人均地区生产总值（元）,    湖北,2023,95538.00000
    人均地区生产总值（元）,    湖南,2022,73598.00000
    人均地区生产总值（元）,    湖南,2023,75938.00000
    人均地区生产总值（元）,    广东,2022,101905.00000
    人均地区生产总值（元）,    广东,2023,106985.00000
    人均地区生产总值（元）,    广西,2022,52164.00000
    人均地区生产总值（元）,    广西,2023,54005.00000
    人均地区生产总值（元）,    海南,2022,66602.00000
    人均地区生产总值（元）,    海南,2023,72958.00000
    人均地区生产总值（元）,    重庆,2022,90663.00000
    人均地区生产总值（元）,    重庆,2023,94147.00000
    人均地区生产总值（元）,    四川,2022,67777.00000
    人均地区生产总值（元）,    四川,2023,71835.00000
    人均地区生产总值（元）,    贵州,2022,52321.00000
    人均地区生产总值（元）,    贵州,2023,54172.00000
    人均地区生产总值（元）,    云南,2022,61716.00000
    人均地区生产总值（元）,    云南,2023,64107.00000
    人均地区生产总值（元）,    西藏,2022,58438.00000
    人均地区生产总值（元）,    西藏,2023,65642.00000
    人均地区生产总值（元）,    陕西,2022,82864.00000
    人均地区生产总值（元）,    陕西,2023,85448.00000
    人均地区生产总值（元）,    甘肃,2022,44968.00000
    人均地区生产总值（元）,    甘肃,2023,47867.00000
    人均地区生产总值（元）,    青海,2022,60724.00000
    人均地区生产总值（元）,    青海,2023,63903.00000
    人均地区生产总值（元）,    宁夏,2022,69781.00000
    人均地区生产总值（元）,    宁夏,2023,72957.00000
    人均地区生产总值（元）,    新疆,2022,68552.00000
    人均地区生产总值（元）,    新疆,2023,73774.00000
            第一产业所占比重（%）,    北京,2022,0.30000
            第一产业所占比重（%）,    北京,2023,0.20000
            第一产业所占比重（%）,    天津,2022,1.70000
            第一产业所占比重（%）,    天津,2023,1.60000
            第一产业所占比重（%）,    河北,2022,10.40000
            第一产业所占比重（%）,    河北,2023,10.20000
            第一产业所占比重（%）,    山西,2022,5.20000
            第一产业所占比重（%）,    山西,2023,5.40000
            第一产业所占比重（%）,    内蒙古,2022,11.50000
            第一产业所占比重（%）,    内蒙古,2023,11.10000
            第一产业所占比重（%）,    辽宁,2022,9.00000
            第一产业所占比重（%）,    辽宁,2023,8.80000
            第一产业所占比重（%）,    吉林,2022,12.90000
            第一产业所占比重（%）,    吉林,2023,12.20000
            第一产业所占比重（%）,    黑龙江,2022,22.70000
            第一产业所占比重（%）,    黑龙江,2023,22.20000
            第一产业所占比重（%）,    上海,2022,0.20000
            第一产业所占比重（%）,    上海,2023,0.20000
            第一产业所占比重（%）,    江苏,2022,4.00000
            第一产业所占比重（%）,    江苏,2023,4.00000
            第一产业所占比重（%）,    浙江,2022,3.00000
            第一产业所占比重（%）,    浙江,2023,2.80000
            第一产业所占比重（%）,    安徽,2022,7.80000
            第一产业所占比重（%）,    安徽,2023,7.40000
            第一产业所占比重（%）,    福建,2022,5.80000
            第一产业所占比重（%）,    福建,2023,5.90000
            第一产业所占比重（%）,    江西,2022,7.60000
            第一产业所占比重（%）,    江西,2023,7.60000
            第一产业所占比重（%）,    山东,2022,7.20000
            第一产业所占比重（%）,    山东,2023,7.10000
            第一产业所占比重（%）,    河南,2022,9.50000
            第一产业所占比重（%）,    河南,2023,9.10000
            第一产业所占比重（%）,    湖北,2022,9.30000
            第一产业所占比重（%）,    湖北,2023,9.10000
            第一产业所占比重（%）,    湖南,2022,9.50000
            第一产业所占比重（%）,    湖南,2023,9.20000
            第一产业所占比重（%）,    广东,2022,4.10000
            第一产业所占比重（%）,    广东,2023,4.10000
            第一产业所占比重（%）,    广西,2022,16.20000
            第一产业所占比重（%）,    广西,2023,16.40000
            第一产业所占比重（%）,    海南,2022,20.80000
            第一产业所占比重（%）,    海南,2023,20.00000
            第一产业所占比重（%）,    重庆,2022,6.90000
            第一产业所占比重（%）,    重庆,2023,6.90000
            第一产业所占比重（%）,    四川,2022,10.50000
            第一产业所占比重（%）,    四川,2023,10.10000
            第一产业所占比重（%）,    贵州,2022,14.20000
            第一产业所占比重（%）,    贵州,2023,13.80000
            第一产业所占比重（%）,    云南,2022,13.90000
            第一产业所占比重（%）,    云南,2023,14.00000
            第一产业所占比重（%）,    西藏,2022,8.40000
            第一产业所占比重（%）,    西藏,2023,9.00000
            第一产业所占比重（%）,    陕西,2022,7.90000
            第一产业所占比重（%）,    陕西,2023,7.80000
            第一产业所占比重（%）,    甘肃,2022,13.50000
            第一产业所占比重（%）,    甘肃,2023,13.80000
            第一产业所占比重（%）,    青海,2022,10.50000
            第一产业所占比重（%）,    青海,2023,10.20000
            第一产业所占比重（%）,    宁夏,2022,8.00000
            第一产业所占比重（%）,    宁夏,2023,8.10000
            第一产业所占比重（%）,    新疆,2022,14.10000
            第一产业所占比重（%）,    新疆,2023,14.30000
            第二产业所占比重（%）,    北京,2022,15.90000
            第二产业所占比重（%）,    北京,2023,14.90000
            第二产业所占比重（%）,    天津,2022,37.00000
            第二产业所占比重（%）,    天津,2023,35.70000
            第二产业所占比重（%）,    河北,2022,40.20000
            第二产业所占比重（%）,    河北,2023,37.40000
            第二产业所占比重（%）,    山西,2022,54.00000
            第二产业所占比重（%）,    山西,2023,51.90000
            第二产业所占比重（%）,    内蒙古,2022,48.50000
            第二产业所占比重（%）,    内蒙古,2023,47.50000
            第二产业所占比重（%）,    辽宁,2022,40.60000
            第二产业所占比重（%）,    辽宁,2023,38.80000
            第二产业所占比重（%）,    吉林,2022,35.40000
            第二产业所占比重（%）,    吉林,2023,33.90000
            第二产业所占比重（%）,    黑龙江,2022,29.20000
            第二产业所占比重（%）,    黑龙江,2023,27.00000
            第二产业所占比重（%）,    上海,2022,25.70000
            第二产业所占比重（%）,    上海,2023,24.60000
            第二产业所占比重（%）,    江苏,2022,45.50000
            第二产业所占比重（%）,    江苏,2023,44.40000
            第二产业所占比重（%）,    浙江,2022,42.70000
            第二产业所占比重（%）,    浙江,2023,41.10000
            第二产业所占比重（%）,    安徽,2022,41.30000
            第二产业所占比重（%）,    安徽,2023,40.10000
            第二产业所占比重（%）,    福建,2022,47.20000
            第二产业所占比重（%）,    福建,2023,44.10000
            第二产业所占比重（%）,    江西,2022,44.80000
            第二产业所占比重（%）,    江西,2023,42.60000
            第二产业所占比重（%）,    山东,2022,40.00000
            第二产业所占比重（%）,    山东,2023,39.10000
            第二产业所占比重（%）,    河南,2022,41.50000
            第二产业所占比重（%）,    河南,2023,37.50000
            第二产业所占比重（%）,    湖北,2022,39.50000
            第二产业所占比重（%）,    湖北,2023,36.20000
            第二产业所占比重（%）,    湖南,2022,39.40000
            第二产业所占比重（%）,    湖南,2023,37.60000
            第二产业所占比重（%）,    广东,2022,40.90000
            第二产业所占比重（%）,    广东,2023,40.10000
            第二产业所占比重（%）,    广西,2022,34.00000
            第二产业所占比重（%）,    广西,2023,32.80000
            第二产业所占比重（%）,    海南,2022,19.20000
            第二产业所占比重（%）,    海南,2023,19.20000
            第二产业所占比重（%）,    重庆,2022,40.10000
            第二产业所占比重（%）,    重庆,2023,38.80000
            第二产业所占比重（%）,    四川,2022,37.30000
            第二产业所占比重（%）,    四川,2023,35.40000
            第二产业所占比重（%）,    贵州,2022,35.30000
            第二产业所占比重（%）,    贵州,2023,35.00000
            第二产业所占比重（%）,    云南,2022,36.20000
            第二产业所占比重（%）,    云南,2023,34.20000
            第二产业所占比重（%）,    西藏,2022,37.70000
            第二产业所占比重（%）,    西藏,2023,36.90000
            第二产业所占比重（%）,    陕西,2022,48.60000
            第二产业所占比重（%）,    陕西,2023,47.60000
            第二产业所占比重（%）,    甘肃,2022,35.20000
            第二产业所占比重（%）,    甘肃,2023,34.40000
            第二产业所占比重（%）,    青海,2022,43.90000
            第二产业所占比重（%）,    青海,2023,42.50000
            第二产业所占比重（%）,    宁夏,2022,48.30000
            第二产业所占比重（%）,    宁夏,2023,46.80000
            第二产业所占比重（%）,    新疆,2022,41.00000
            第二产业所占比重（%）,    新疆,2023,40.30000
            第三产业所占比重（%）,    北京,2022,83.90000
            第三产业所占比重（%）,    北京,2023,84.80000
            第三产业所占比重（%）,    天津,2022,61.30000
            第三产业所占比重（%）,    天津,2023,62.70000
            第三产业所占比重（%）,    河北,2022,49.40000
            第三产业所占比重（%）,    河北,2023,52.40000
            第三产业所占比重（%）,    山西,2022,40.80000
            第三产业所占比重（%）,    山西,2023,42.70000
            第三产业所占比重（%）,    内蒙古,2022,40.00000
            第三产业所占比重（%）,    内蒙古,2023,41.40000
            第三产业所占比重（%）,    辽宁,2022,50.50000
            第三产业所占比重（%）,    辽宁,2023,52.40000
            第三产业所占比重（%）,    吉林,2022,51.70000
            第三产业所占比重（%）,    吉林,2023,54.00000
            第三产业所占比重（%）,    黑龙江,2022,48.10000
            第三产业所占比重（%）,    黑龙江,2023,50.80000
            第三产业所占比重（%）,    上海,2022,74.10000
            第三产业所占比重（%）,    上海,2023,75.20000
            第三产业所占比重（%）,    江苏,2022,50.50000
            第三产业所占比重（%）,    江苏,2023,51.70000
            第三产业所占比重（%）,    浙江,2022,54.30000
            第三产业所占比重（%）,    浙江,2023,56.00000
            第三产业所占比重（%）,    安徽,2022,50.90000
            第三产业所占比重（%）,    安徽,2023,52.50000
            第三产业所占比重（%）,    福建,2022,47.00000
            第三产业所占比重（%）,    福建,2023,50.00000
            第三产业所占比重（%）,    江西,2022,47.60000
            第三产业所占比重（%）,    江西,2023,49.80000
            第三产业所占比重（%）,    山东,2022,52.80000
            第三产业所占比重（%）,    山东,2023,53.80000
            第三产业所占比重（%）,    河南,2022,49.00000
            第三产业所占比重（%）,    河南,2023,53.40000
            第三产业所占比重（%）,    湖北,2022,51.20000
            第三产业所占比重（%）,    湖北,2023,54.70000
            第三产业所占比重（%）,    湖南,2022,51.10000
            第三产业所占比重（%）,    湖南,2023,53.10000
            第三产业所占比重（%）,    广东,2022,54.90000
            第三产业所占比重（%）,    广东,2023,55.80000
            第三产业所占比重（%）,    广西,2022,49.80000
            第三产业所占比重（%）,    广西,2023,50.80000
            第三产业所占比重（%）,    海南,2022,60.00000
            第三产业所占比重（%）,    海南,2023,60.90000
            第三产业所占比重（%）,    重庆,2022,52.90000
            第三产业所占比重（%）,    重庆,2023,54.30000
            第三产业所占比重（%）,    四川,2022,52.20000
            第三产业所占比重（%）,    四川,2023,54.50000
            第三产业所占比重（%）,    贵州,2022,50.50000
            第三产业所占比重（%）,    贵州,2023,51.20000
            第三产业所占比重（%）,    云南,2022,50.00000
            第三产业所占比重（%）,    云南,2023,51.80000
            第三产业所占比重（%）,    西藏,2022,53.80000
            第三产业所占比重（%）,    西藏,2023,54.10000
            第三产业所占比重（%）,    陕西,2022,43.50000
            第三产业所占比重（%）,    陕西,2023,44.60000
            第三产业所占比重（%）,    甘肃,2022,51.30000
            第三产业所占比重（%）,    甘肃,2023,51.80000
            第三产业所占比重（%）,    青海,2022,45.50000
            第三产业所占比重（%）,    青海,2023,47.40000
            第三产业所占比重（%）,    宁夏,2022,43.70000
            第三产业所占比重（%）,    宁夏,2023,45.10000
            第三产业所占比重（%）,    新疆,2022,44.90000
            第三产业所占比重（%）,    新疆,2023,45.30000
    地区生产总值指数（上年=100）,    北京,2022,100.70000
    地区生产总值指数（上年=100）,    北京,2023,105.20000
    地区生产总值指数（上年=100）,    天津,2022,101.00000
    地区生产总值指数（上年=100）,    天津,2023,104.30000
    地区生产总值指数（上年=100）,    河北,2022,103.80000
    地区生产总值指数（上年=100）,    河北,2023,105.50000
    地区生产总值指数（上年=100）,    山西,2022,104.40000
    地区生产总值指数（上年=100）,    山西,2023,105.00000
    地区生产总值指数（上年=100）,    内蒙古,2022,104.20000
    地区生产总值指数（上年=100）,    内蒙古,2023,107.30000
    地区生产总值指数（上年=100）,    辽宁,2022,102.10000
    地区生产总值指数（上年=100）,    辽宁,2023,105.30000
    地区生产总值指数（上年=100）,    吉林,2022,98.10000
    地区生产总值指数（上年=100）,    吉林,2023,106.30000
    地区生产总值指数（上年=100）,    黑龙江,2022,102.70000
    地区生产总值指数（上年=100）,    黑龙江,2023,102.60000
    地区生产总值指数（上年=100）,    上海,2022,99.80000
    地区生产总值指数（上年=100）,    上海,2023,105.00000
    地区生产总值指数（上年=100）,    江苏,2022,102.80000
    地区生产总值指数（上年=100）,    江苏,2023,105.80000
    地区生产总值指数（上年=100）,    浙江,2022,103.10000
    地区生产总值指数（上年=100）,    浙江,2023,106.00000
    地区生产总值指数（上年=100）,    安徽,2022,103.50000
    地区生产总值指数（上年=100）,    安徽,2023,105.80000
    地区生产总值指数（上年=100）,    福建,2022,104.70000
    地区生产总值指数（上年=100）,    福建,2023,104.50000
    地区生产总值指数（上年=100）,    江西,2022,104.70000
    地区生产总值指数（上年=100）,    江西,2023,104.10000
    地区生产总值指数（上年=100）,    山东,2022,103.90000
    地区生产总值指数（上年=100）,    山东,2023,106.00000
    地区生产总值指数（上年=100）,    河南,2022,103.10000
    地区生产总值指数（上年=100）,    河南,2023,104.10000
    地区生产总值指数（上年=100）,    湖北,2022,104.30000
    地区生产总值指数（上年=100）,    湖北,2023,106.00000
    地区生产总值指数（上年=100）,    湖南,2022,104.50000
    地区生产总值指数（上年=100）,    湖南,2023,104.60000
    地区生产总值指数（上年=100）,    广东,2022,101.90000
    地区生产总值指数（上年=100）,    广东,2023,104.80000
    地区生产总值指数（上年=100）,    广西,2022,102.90000
    地区生产总值指数（上年=100）,    广西,2023,104.10000
    地区生产总值指数（上年=100）,    海南,2022,100.20000
    地区生产总值指数（上年=100）,    海南,2023,109.20000
    地区生产总值指数（上年=100）,    重庆,2022,102.60000
    地区生产总值指数（上年=100）,    重庆,2023,106.10000
    地区生产总值指数（上年=100）,    四川,2022,102.90000
    地区生产总值指数（上年=100）,    四川,2023,106.00000
    地区生产总值指数（上年=100）,    贵州,2022,101.20000
    地区生产总值指数（上年=100）,    贵州,2023,104.90000
    地区生产总值指数（上年=100）,    云南,2022,104.30000
    地区生产总值指数（上年=100）,    云南,2023,104.40000
    地区生产总值指数（上年=100）,    西藏,2022,101.10000
    地区生产总值指数（上年=100）,    西藏,2023,109.50000
    地区生产总值指数（上年=100）,    陕西,2022,104.30000
    地区生产总值指数（上年=100）,    陕西,2023,104.30000
    地区生产总值指数（上年=100）,    甘肃,2022,104.50000
    地区生产总值指数（上年=100）,    甘肃,2023,106.40000
    地区生产总值指数（上年=100）,    青海,2022,102.30000
    地区生产总值指数（上年=100）,    青海,2023,105.30000
    地区生产总值指数（上年=100）,    宁夏,2022,104.00000
    地区生产总值指数（上年=100）,    宁夏,2023,106.60000
    地区生产总值指数（上年=100）,    新疆,2022,103.20000
    地区生产总值指数（上年=100）,    新疆,2023,106.80000
        第一产业增加值指数（上年=100）,    北京,2022,98.40000
        第一产业增加值指数（上年=100）,    北京,2023,95.40000
        第一产业增加值指数（上年=100）,    天津,2022,102.90000
        第一产业增加值指数（上年=100）,    天津,2023,101.20000
        第一产业增加值指数（上年=100）,    河北,2022,104.20000
        第一产业增加值指数（上年=100）,    河北,2023,102.60000
        第一产业增加值指数（上年=100）,    山西,2022,105.10000
        第一产业增加值指数（上年=100）,    山西,2023,104.00000
        第一产业增加值指数（上年=100）,    内蒙古,2022,104.30000
        第一产业增加值指数（上年=100）,    内蒙古,2023,105.50000
        第一产业增加值指数（上年=100）,    辽宁,2022,102.80000
        第一产业增加值指数（上年=100）,    辽宁,2023,104.70000
        第一产业增加值指数（上年=100）,    吉林,2022,104.00000
        第一产业增加值指数（上年=100）,    吉林,2023,105.00000
        第一产业增加值指数（上年=100）,    黑龙江,2022,102.40000
        第一产业增加值指数（上年=100）,    黑龙江,2023,102.60000
        第一产业增加值指数（上年=100）,    上海,2022,96.50000
        第一产业增加值指数（上年=100）,    上海,2023,98.50000
        第一产业增加值指数（上年=100）,    江苏,2022,103.10000
        第一产业增加值指数（上年=100）,    江苏,2023,103.50000
        第一产业增加值指数（上年=100）,    浙江,2022,103.20000
        第一产业增加值指数（上年=100）,    浙江,2023,104.20000
        第一产业增加值指数（上年=100）,    安徽,2022,104.00000
        第一产业增加值指数（上年=100）,    安徽,2023,103.90000
        第一产业增加值指数（上年=100）,    福建,2022,103.70000
        第一产业增加值指数（上年=100）,    福建,2023,104.20000
        第一产业增加值指数（上年=100）,    江西,2022,103.90000
        第一产业增加值指数（上年=100）,    江西,2023,104.00000
        第一产业增加值指数（上年=100）,    山东,2022,104.30000
        第一产业增加值指数（上年=100）,    山东,2023,104.50000
        第一产业增加值指数（上年=100）,    河南,2022,104.80000
        第一产业增加值指数（上年=100）,    河南,2023,101.80000
        第一产业增加值指数（上年=100）,    湖北,2022,103.80000
        第一产业增加值指数（上年=100）,    湖北,2023,104.10000
        第一产业增加值指数（上年=100）,    湖南,2022,103.60000
        第一产业增加值指数（上年=100）,    湖南,2023,103.50000
        第一产业增加值指数（上年=100）,    广东,2022,105.20000
        第一产业增加值指数（上年=100）,    广东,2023,104.80000
        第一产业增加值指数（上年=100）,    广西,2022,105.00000
        第一产业增加值指数（上年=100）,    广西,2023,104.70000
        第一产业增加值指数（上年=100）,    海南,2022,103.10000
        第一产业增加值指数（上年=100）,    海南,2023,104.60000
        第一产业增加值指数（上年=100）,    重庆,2022,104.00000
        第一产业增加值指数（上年=100）,    重庆,2023,104.60000
        第一产业增加值指数（上年=100）,    四川,2022,104.30000
        第一产业增加值指数（上年=100）,    四川,2023,104.00000
        第一产业增加值指数（上年=100）,    贵州,2022,103.60000
        第一产业增加值指数（上年=100）,    贵州,2023,103.90000
        第一产业增加值指数（上年=100）,    云南,2022,104.90000
        第一产业增加值指数（上年=100）,    云南,2023,104.20000
        第一产业增加值指数（上年=100）,    西藏,2022,106.20000
        第一产业增加值指数（上年=100）,    西藏,2023,114.90000
        第一产业增加值指数（上年=100）,    陕西,2022,104.30000
        第一产业增加值指数（上年=100）,    陕西,2023,104.00000
        第一产业增加值指数（上年=100）,    甘肃,2022,105.70000
        第一产业增加值指数（上年=100）,    甘肃,2023,105.90000
        第一产业增加值指数（上年=100）,    青海,2022,104.50000
        第一产业增加值指数（上年=100）,    青海,2023,104.70000
        第一产业增加值指数（上年=100）,    宁夏,2022,104.70000
        第一产业增加值指数（上年=100）,    宁夏,2023,107.70000
        第一产业增加值指数（上年=100）,    新疆,2022,105.30000
        第一产业增加值指数（上年=100）,    新疆,2023,106.30000
        第二产业增加值指数（上年=100）,    北京,2022,88.60000
        第二产业增加值指数（上年=100）,    北京,2023,100.40000
        第二产业增加值指数（上年=100）,    天津,2022,99.50000
        第二产业增加值指数（上年=100）,    天津,2023,103.20000
        第二产业增加值指数（上年=100）,    河北,2022,104.60000
        第二产业增加值指数（上年=100）,    河北,2023,106.20000
        第二产业增加值指数（上年=100）,    山西,2022,106.20000
        第二产业增加值指数（上年=100）,    山西,2023,105.10000
        第二产业增加值指数（上年=100）,    内蒙古,2022,106.50000
        第二产业增加值指数（上年=100）,    内蒙古,2023,108.10000
        第二产业增加值指数（上年=100）,    辽宁,2022,99.90000
        第二产业增加值指数（上年=100）,    辽宁,2023,105.00000
        第二产业增加值指数（上年=100）,    吉林,2022,94.90000
        第二产业增加值指数（上年=100）,    吉林,2023,105.90000
        第二产业增加值指数（上年=100）,    黑龙江,2022,100.90000
        第二产业增加值指数（上年=100）,    黑龙江,2023,97.70000
        第二产业增加值指数（上年=100）,    上海,2022,98.40000
        第二产业增加值指数（上年=100）,    上海,2023,101.90000
        第二产业增加值指数（上年=100）,    江苏,2022,103.70000
        第二产业增加值指数（上年=100）,    江苏,2023,106.70000
        第二产业增加值指数（上年=100）,    浙江,2022,103.40000
        第二产业增加值指数（上年=100）,    浙江,2023,105.00000
        第二产业增加值指数（上年=100）,    安徽,2022,105.10000
        第二产业增加值指数（上年=100）,    安徽,2023,106.10000
        第二产业增加值指数（上年=100）,    福建,2022,105.40000
        第二产业增加值指数（上年=100）,    福建,2023,103.70000
        第二产业增加值指数（上年=100）,    江西,2022,105.40000
        第二产业增加值指数（上年=100）,    江西,2023,104.60000
        第二产业增加值指数（上年=100）,    山东,2022,104.20000
        第二产业增加值指数（上年=100）,    山东,2023,106.50000
        第二产业增加值指数（上年=100）,    河南,2022,104.10000
        第二产业增加值指数（上年=100）,    河南,2023,104.70000
        第二产业增加值指数（上年=100）,    湖北,2022,106.60000
        第二产业增加值指数（上年=100）,    湖北,2023,104.90000
        第二产业增加值指数（上年=100）,    湖南,2022,106.10000
        第二产业增加值指数（上年=100）,    湖南,2023,104.60000
        第二产业增加值指数（上年=100）,    广东,2022,102.50000
        第二产业增加值指数（上年=100）,    广东,2023,104.80000
        第二产业增加值指数（上年=100）,    广西,2022,103.20000
        第二产业增加值指数（上年=100）,    广西,2023,103.20000
        第二产业增加值指数（上年=100）,    海南,2022,98.70000
        第二产业增加值指数（上年=100）,    海南,2023,110.60000
        第二产业增加值指数（上年=100）,    重庆,2022,103.30000
        第二产业增加值指数（上年=100）,    重庆,2023,106.50000
        第二产业增加值指数（上年=100）,    四川,2022,103.90000
        第二产业增加值指数（上年=100）,    四川,2023,105.00000
        第二产业增加值指数（上年=100）,    贵州,2022,100.50000
        第二产业增加值指数（上年=100）,    贵州,2023,104.40000
        第二产业增加值指数（上年=100）,    云南,2022,106.00000
        第二产业增加值指数（上年=100）,    云南,2023,102.40000
        第二产业增加值指数（上年=100）,    西藏,2022,105.60000
        第二产业增加值指数（上年=100）,    西藏,2023,107.70000
        第二产业增加值指数（上年=100）,    陕西,2022,106.20000
        第二产业增加值指数（上年=100）,    陕西,2023,104.50000
        第二产业增加值指数（上年=100）,    甘肃,2022,104.20000
        第二产业增加值指数（上年=100）,    甘肃,2023,106.50000
        第二产业增加值指数（上年=100）,    青海,2022,107.90000
        第二产业增加值指数（上年=100）,    青海,2023,104.10000
        第二产业增加值指数（上年=100）,    宁夏,2022,106.10000
        第二产业增加值指数（上年=100）,    宁夏,2023,108.50000
        第二产业增加值指数（上年=100）,    新疆,2022,104.80000
        第二产业增加值指数（上年=100）,    新疆,2023,107.20000
        第三产业增加值指数（上年=100）,    北京,2022,103.40000
        第三产业增加值指数（上年=100）,    北京,2023,106.10000
        第三产业增加值指数（上年=100）,    天津,2022,101.70000
        第三产业增加值指数（上年=100）,    天津,2023,104.90000
        第三产业增加值指数（上年=100）,    河北,2022,103.20000
        第三产业增加值指数（上年=100）,    河北,2023,105.50000
        第三产业增加值指数（上年=100）,    山西,2022,102.70000
        第三产业增加值指数（上年=100）,    山西,2023,105.00000
        第三产业增加值指数（上年=100）,    内蒙古,2022,102.20000
        第三产业增加值指数（上年=100）,    内蒙古,2023,107.00000
        第三产业增加值指数（上年=100）,    辽宁,2022,103.40000
        第三产业增加值指数（上年=100）,    辽宁,2023,105.50000
        第三产业增加值指数（上年=100）,    吉林,2022,98.80000
        第三产业增加值指数（上年=100）,    吉林,2023,106.90000
        第三产业增加值指数（上年=100）,    黑龙江,2022,103.80000
        第三产业增加值指数（上年=100）,    黑龙江,2023,105.00000
        第三产业增加值指数（上年=100）,    上海,2022,100.30000
        第三产业增加值指数（上年=100）,    上海,2023,106.00000
        第三产业增加值指数（上年=100）,    江苏,2022,101.90000
        第三产业增加值指数（上年=100）,    江苏,2023,105.10000
        第三产业增加值指数（上年=100）,    浙江,2022,102.80000
        第三产业增加值指数（上年=100）,    浙江,2023,106.70000
        第三产业增加值指数（上年=100）,    安徽,2022,102.20000
        第三产业增加值指数（上年=100）,    安徽,2023,105.80000
        第三产业增加值指数（上年=100）,    福建,2022,104.00000
        第三产业增加值指数（上年=100）,    福建,2023,105.20000
        第三产业增加值指数（上年=100）,    江西,2022,104.20000
        第三产业增加值指数（上年=100）,    江西,2023,103.60000
        第三产业增加值指数（上年=100）,    山东,2022,103.60000
        第三产业增加值指数（上年=100）,    山东,2023,105.80000
        第三产业增加值指数（上年=100）,    河南,2022,102.00000
        第三产业增加值指数（上年=100）,    河南,2023,104.00000
        第三产业增加值指数（上年=100）,    湖北,2022,102.70000
        第三产业增加值指数（上年=100）,    湖北,2023,107.00000
        第三产业增加值指数（上年=100）,    湖南,2022,103.50000
        第三产业增加值指数（上年=100）,    湖南,2023,104.80000
        第三产业增加值指数（上年=100）,    广东,2022,101.20000
        第三产业增加值指数（上年=100）,    广东,2023,104.70000
        第三产业增加值指数（上年=100）,    广西,2022,102.00000
        第三产业增加值指数（上年=100）,    广西,2023,104.40000
        第三产业增加值指数（上年=100）,    海南,2022,99.80000
        第三产业增加值指数（上年=100）,    海南,2023,110.30000
        第三产业增加值指数（上年=100）,    重庆,2022,101.90000
        第三产业增加值指数（上年=100）,    重庆,2023,105.90000
        第三产业增加值指数（上年=100）,    四川,2022,102.00000
        第三产业增加值指数（上年=100）,    四川,2023,107.10000
        第三产业增加值指数（上年=100）,    贵州,2022,101.00000
        第三产业增加值指数（上年=100）,    贵州,2023,105.50000
        第三产业增加值指数（上年=100）,    云南,2022,103.10000
        第三产业增加值指数（上年=100）,    云南,2023,105.70000
        第三产业增加值指数（上年=100）,    西藏,2022,97.60000
        第三产业增加值指数（上年=100）,    西藏,2023,109.90000
        第三产业增加值指数（上年=100）,    陕西,2022,102.60000
        第三产业增加值指数（上年=100）,    陕西,2023,104.10000
        第三产业增加值指数（上年=100）,    甘肃,2022,104.40000
        第三产业增加值指数（上年=100）,    甘肃,2023,106.40000
        第三产业增加值指数（上年=100）,    青海,2022,97.50000
        第三产业增加值指数（上年=100）,    青海,2023,106.50000
        第三产业增加值指数（上年=100）,    宁夏,2022,102.10000
        第三产业增加值指数（上年=100）,    宁夏,2023,104.70000
        第三产业增加值指数（上年=100）,    新疆,2022,101.50000
        第三产业增加值指数（上年=100）,    新疆,2023,106.60000
    人均地区生产总值指数（上年=100）,    北京,2022,100.80000
    人均地区生产总值指数（上年=100）,    北京,2023,105.20000
    人均地区生产总值指数（上年=100）,    天津,2022,101.80000
    人均地区生产总值指数（上年=100）,    天津,2023,104.60000
    人均地区生产总值指数（上年=100）,    河北,2022,104.10000
    人均地区生产总值指数（上年=100）,    河北,2023,105.80000
    人均地区生产总值指数（上年=100）,    山西,2022,104.50000
    人均地区生产总值指数（上年=100）,    山西,2023,105.20000
    人均地区生产总值指数（上年=100）,    内蒙古,2022,104.20000
    人均地区生产总值指数（上年=100）,    内蒙古,2023,107.40000
    人均地区生产总值指数（上年=100）,    辽宁,2022,102.80000
    人均地区生产总值指数（上年=100）,    辽宁,2023,105.90000
    人均地区生产总值指数（上年=100）,    吉林,2022,99.20000
    人均地区生产总值指数（上年=100）,    吉林,2023,107.10000
    人均地区生产总值指数（上年=100）,    黑龙江,2022,103.90000
    人均地区生产总值指数（上年=100）,    黑龙江,2023,103.60000
    人均地区生产总值指数（上年=100）,    上海,2022,100.00000
    人均地区生产总值指数（上年=100）,    上海,2023,105.00000
    人均地区生产总值指数（上年=100）,    江苏,2022,102.50000
    人均地区生产总值指数（上年=100）,    江苏,2023,105.60000
    人均地区生产总值指数（上年=100）,    浙江,2022,102.20000
    人均地区生产总值指数（上年=100）,    浙江,2023,105.30000
    人均地区生产总值指数（上年=100）,    安徽,2022,103.30000
    人均地区生产总值指数（上年=100）,    安徽,2023,105.70000
    人均地区生产总值指数（上年=100）,    福建,2022,104.30000
    人均地区生产总值指数（上年=100）,    福建,2023,104.50000
    人均地区生产总值指数（上年=100）,    江西,2022,104.60000
    人均地区生产总值指数（上年=100）,    江西,2023,104.10000
    人均地区生产总值指数（上年=100）,    山东,2022,103.90000
    人均地区生产总值指数（上年=100）,    山东,2023,106.20000
    人均地区生产总值指数（上年=100）,    河南,2022,103.50000
    人均地区生产总值指数（上年=100）,    河南,2023,104.40000
    人均地区生产总值指数（上年=100）,    湖北,2022,103.40000
    人均地区生产总值指数（上年=100）,    湖北,2023,105.90000
    人均地区生产总值指数（上年=100）,    湖南,2022,104.80000
    人均地区生产总值指数（上年=100）,    湖南,2023,105.00000
    人均地区生产总值指数（上年=100）,    广东,2022,101.70000
    人均地区生产总值指数（上年=100）,    广东,2023,104.70000
    人均地区生产总值指数（上年=100）,    广西,2022,102.60000
    人均地区生产总值指数（上年=100）,    广西,2023,104.20000
    人均地区生产总值指数（上年=100）,    海南,2022,99.50000
    人均地区生产总值指数（上年=100）,    海南,2023,108.00000
    人均地区生产总值指数（上年=100）,    重庆,2022,102.50000
    人均地区生产总值指数（上年=100）,    重庆,2023,106.40000
    人均地区生产总值指数（上年=100）,    四川,2022,102.90000
    人均地区生产总值指数（上年=100）,    四川,2023,106.00000
    人均地区生产总值指数（上年=100）,    贵州,2022,101.20000
    人均地区生产总值指数（上年=100）,    贵州,2023,104.70000
    人均地区生产总值指数（上年=100）,    云南,2022,104.70000
    人均地区生产总值指数（上年=100）,    云南,2023,104.60000
    人均地区生产总值指数（上年=100）,    西藏,2022,101.40000
    人均地区生产总值指数（上年=100）,    西藏,2023,109.70000
    人均地区生产总值指数（上年=100）,    陕西,2022,104.30000
    人均地区生产总值指数（上年=100）,    陕西,2023,104.30000
    人均地区生产总值指数（上年=100）,    甘肃,2022,104.70000
    人均地区生产总值指数（上年=100）,    甘肃,2023,106.90000
    人均地区生产总值指数（上年=100）,    青海,2022,102.10000
    人均地区生产总值指数（上年=100）,    青海,2023,105.30000
    人均地区生产总值指数（上年=100）,    宁夏,2022,103.50000
    人均地区生产总值指数（上年=100）,    宁夏,2023,106.30000
    人均地区生产总值指数（上年=100）,    新疆,2022,103.30000
    人均地区生产总值指数（上年=100）,    新疆,2023,106.60000

数据来源：<p>中国国家统计局</p>
由EPS DATA整理
